datetime,pred_xgb,MAPE_XGB,pred_lstm,MAPE_LSTM,18,predictions,model
2024-08-14 20:00:00,30.115686,0.0126004590163934,29.645432,0.0280186229508196,30.5,30.115686,XGB
2024-08-14 21:00:00,29.99176979064941,0.0166701623948952,29.513657,0.0004629491525423,29.5,29.513657,XGB
2024-08-14 22:00:00,28.77456283569336,0.0240057948645323,28.004013,0.0034159074733096,28.1,28.004013,XGB
2024-08-14 23:00:00,27.041866302490234,0.0166115151312117,26.586685,0.0005005639097745,26.6,26.586685,XGB
2024-08-15 00:00:00,25.575830459594727,0.0312834862739808,25.231915,0.0174159274193548,24.8,25.231915,XGB
2024-08-15 01:00:00,23.817232131958008,0.0310490100414721,23.46587371826172,0.0158386891022388,23.1,23.4658737182617,XGB
2024-08-15 02:00:00,22.424373626708984,0.0192897103049538,21.967321395874023,0.0014853910966352,22.0,21.967321395874,XGB
2024-08-15 03:00:00,21.013097763061523,0.0006237030029296,21.012423,0.0005915714285713,21.0,21.012423,XGB
2024-08-15 04:00:00,20.096189498901367,0.0201111420762115,19.95244789123535,0.0128146137682919,19.7,19.9524478912354,XGB
2024-08-15 05:00:00,18.686283111572266,0.0046388769662507,18.637844,0.0020346236559139,18.6,18.637844,XGB
2024-08-15 06:00:00,18.015947341918945,0.0178501323118048,17.676687,0.0013171186440676,17.7,17.676687,XGB
2024-08-15 07:00:00,17.63475799560547,0.0312723974038285,16.962663650512695,0.0080313654670939,17.1,16.9626636505127,XGB
2024-08-15 08:00:00,17.382732391357422,0.0471525536962301,17.188396,0.0354455421686746,16.6,17.188396,XGB
2024-08-15 09:00:00,17.647842407226562,0.0084481375558035,17.613492965698242,0.0064853123256138,17.5,17.6134929656982,XGB
2024-08-15 10:00:00,18.530086517333984,0.0348913272221882,19.583675384521484,0.0199830929438273,19.2,19.5836753845215,XGB
2024-08-15 11:00:00,21.20580673217773,0.0656184287526498,21.26949691772461,0.0688189405891764,19.9,21.2058067321777,XGB
2024-08-15 12:00:00,21.82333946228028,0.0035004811744163,21.186098098754883,0.0325982603308272,21.9,21.8233394622803,XGB
2024-08-15 13:00:00,23.731185913085938,0.0317906918733016,23.177982330322266,0.0077383621879245,23.0,23.1779823303223,XGB
2024-08-15 14:00:00,24.659648895263672,0.0175438687145948,23.986995697021484,0.0443428009154787,25.1,24.6596488952637,XGB
2024-08-15 15:00:00,26.382354736328125,0.0264813750432426,26.364677,0.0271336900369004,27.1,26.3823547363281,XGB
2024-08-15 16:00:00,28.03631019592285,0.0022665410703612,28.043798,0.0020000711743773,28.1,28.043798,XGB
2024-08-15 17:00:00,29.31359100341797,0.0029390815163955,28.67197799682617,0.0247626531691779,29.4,29.313591003418,XGB
2024-08-15 18:00:00,30.18103790283203,0.0026922891306322,29.596521,0.016726877076412,30.1,30.181037902832,XGB
2024-08-15 19:00:00,30.58938407897949,0.0036031244632088,29.88085,0.0266824104234527,30.7,30.5893840789795,XGB
2024-08-15 20:00:00,30.960840225219727,0.0117921642228668,30.147092819213867,0.0148008882609847,30.6,30.9608402252197,XGB
2024-08-15 21:00:00,30.531635284423828,0.0177211761474609,29.450594,0.0183135333333333,30.0,29.450594,XGB
2024-08-15 22:00:00,29.244882583618164,0.0018811404908476,28.547367,0.025687133105802,29.3,28.547367,XGB
2024-08-15 23:00:00,28.179363250732425,0.0112504122550026,27.718536,0.0274197894736842,28.5,27.718536,XGB
2024-08-16 00:00:00,27.171173095703125,0.0190912239818366,26.908565521240234,0.0285716418324824,27.7,26.9085655212402,XGB
2024-08-16 01:00:00,26.314054489135746,0.0217823609986711,26.21269798278809,0.0255502608628962,26.9,26.2126979827881,XGB
2024-08-16 02:00:00,25.74249839782715,0.0055663436651229,25.460493087768555,0.0054494887590408,25.6,25.4604930877686,XGB
2024-08-16 03:00:00,24.34716415405273,0.006238197793766,24.04478,0.0185804081632653,24.5,24.04478,XGB
2024-08-16 04:00:00,23.3799991607666,0.0135021451153332,23.152561,0.0230986919831223,23.7,23.152561,XGB
2024-08-16 05:00:00,22.86902618408203,0.0030274642141241,22.48430824279785,0.0138461297018486,22.8,22.4843082427979,XGB
2024-08-16 06:00:00,21.813325881958008,0.0052223908736409,21.602468490600582,0.0044945396036597,21.7,21.6024684906006,XGB
2024-08-16 07:00:00,21.015987396240234,0.0039816399886145,20.513668,0.0277882464454977,21.1,20.513668,XGB
2024-08-16 08:00:00,20.5218563079834,0.0086059754597391,20.195988,0.0243484057971014,20.7,20.195988,XGB
2024-08-16 09:00:00,20.30066680908203,0.0937202317374092,19.90984535217285,0.111167618206569,22.4,19.9098453521729,XGB
2024-08-16 10:00:00,23.306480407714844,0.0966480462126029,22.97583,0.1094639534883721,25.8,22.97583,XGB
2024-08-16 11:00:00,26.334278106689453,0.0210305536546671,27.278505325317383,0.0140708299374492,26.9,26.3342781066895,XGB
2024-08-16 12:00:00,27.64720344543457,0.0164413031409768,27.507957458496094,0.0113219653858858,27.2,27.6472034454346,XGB
2024-08-16 13:00:00,28.08007431030273,0.0028597967965261,27.834789276123047,0.0059003829956054,28.0,27.834789276123,XGB
2024-08-16 14:00:00,28.891021728515625,0.0003106668333693,28.428272247314453,0.0163227596084963,28.9,28.8910217285156,XGB
2024-08-16 15:00:00,29.773975372314453,0.0333124879118684,29.44183158874512,0.0440963769887948,30.8,29.7739753723145,XGB
2024-08-16 16:00:00,31.64688491821289,0.0016755546305081,31.588526,0.0035165299684541,31.7,31.588526,XGB
2024-08-16 17:00:00,32.473331451416016,0.000820570725661,31.64391326904297,0.0263411301832932,32.5,32.473331451416,XGB
2024-08-16 18:00:00,32.666778564453125,0.0040616291325265,32.36543273925781,0.0132490018518958,32.8,32.6667785644531,XGB
2024-08-16 19:00:00,32.87889099121094,0.0126459161798516,32.104774,0.0358926726726726,33.3,32.8788909912109,XGB
2024-08-16 20:00:00,32.808040618896484,0.0147735549880934,32.603599548339844,0.0209129264762808,33.3,32.8080406188965,XGB
2024-08-16 21:00:00,32.6511116027832,0.0105723756732362,32.157158,0.0255406666666665,33.0,32.157158,XGB
2024-08-16 22:00:00,31.738040924072266,0.0081862211227417,31.724712,0.0086027499999999,32.0,31.724712,XGB
2024-08-16 23:00:00,30.83809471130371,0.0245214189801896,30.366724,0.0088612624584717,30.1,30.366724,XGB
2024-08-17 00:00:00,28.722856521606445,0.0113681873805086,28.263523,0.004805528169014,28.4,28.263523,XGB
2024-08-17 01:00:00,27.032140731811523,0.0134255207368056,27.002056,0.0145235036496349,27.4,27.002056,XGB
2024-08-17 02:00:00,26.17334175109864,0.0377447885625499,26.078672,0.041225294117647,27.2,26.078672,XGB
2024-08-17 03:00:00,25.937419891357425,0.0249090266406983,26.085344,0.0193479699248121,26.6,26.085344,XGB
2024-08-17 04:00:00,25.6518611907959,0.0057418143102365,25.372242,0.0165797674418604,25.8,25.372242,XGB
2024-08-17 05:00:00,24.88275718688965,0.0006924824542309,24.64309501647949,0.0103174692176911,24.9,24.6430950164795,XGB
2024-08-17 06:00:00,24.11827850341797,0.0486208044964334,23.73489189147949,0.0319518213686734,23.0,23.7348918914795,XGB
2024-08-17 07:00:00,22.07856750488281,0.008153767346247,21.527950286865234,0.0169885713760166,21.9,21.5279502868652,XGB
2024-08-17 08:00:00,21.016395568847656,0.003962295315277,21.318384170532227,0.010349960688731,21.1,21.3183841705322,XGB
2024-08-17 09:00:00,21.449920654296875,0.0550695747005781,21.471375,0.054124449339207,22.7,21.471375,XGB
2024-08-17 10:00:00,24.52410888671875,0.0344839020976869,24.829530715942383,0.0224594206321896,25.4,24.8295307159424,XGB
2024-08-17 11:00:00,27.255455017089844,0.0246411660560091,26.886608123779297,0.0107747414954622,26.6,26.8866081237793,XGB
2024-08-17 12:00:00,27.85923767089844,0.0130631880326705,27.48568153381348,0.0005206714976916,27.5,27.4856815338135,XGB
2024-08-17 13:00:00,28.968721389770508,0.0058583815892537,28.384224,0.0144366666666667,28.8,28.384224,XGB
2024-08-17 14:00:00,29.948631286621094,0.0462219335470988,29.603407,0.0572163375796177,31.4,29.9486312866211,XGB
2024-08-17 15:00:00,32.57765197753906,0.0275327767898787,32.647118,0.0254591641791045,33.5,32.5776519775391,XGB
2024-08-17 16:00:00,34.30199432373047,0.0029822901675574,34.33728,0.0040140350877192,34.2,34.33728,XGB
2024-08-17 17:00:00,34.934871673583984,0.0067686361263395,34.24673,0.0130625360230548,34.7,34.934871673584,XGB
2024-08-17 18:00:00,35.34953308105469,0.001425619179246,34.566547,0.0235438700564971,35.4,35.3495330810547,XGB
2024-08-17 19:00:00,35.3399772644043,0.0100846704648657,35.066788,0.0177370308123249,35.7,35.3399772644043,XGB
2024-08-17 20:00:00,35.35602188110352,0.0130665295445135,34.847511291503906,0.0015039744554754,34.9,35.3560218811035,XGB
2024-08-17 21:00:00,34.16304397583008,0.0039928870020384,33.33523178100586,0.0281273533234442,34.3,34.1630439758301,XGB
2024-08-17 22:00:00,33.61316680908203,0.0438871679839139,32.80513000488281,0.0187928572944971,32.2,33.613166809082,XGB
2024-08-17 23:00:00,30.973175048828125,0.0008653210055443,29.99986267089844,0.032262494487147,31.0,29.9998626708984,XGB
2024-08-18 00:00:00,29.482805252075195,0.0172398249308268,29.66248321533203,0.0112505594889322,30.0,29.662483215332,XGB
2024-08-18 01:00:00,28.623050689697266,0.0026811606377259,28.344697952270508,0.0123798622902261,28.7,28.6230506896973,XGB
2024-08-18 02:00:00,27.69984436035156,0.0246533675932549,27.14125,0.0443221830985915,28.4,27.14125,XGB
2024-08-18 03:00:00,27.435359954833984,0.0339661987734512,27.30083274841309,0.0387030722389756,28.4,27.3008327484131,XGB
2024-08-18 04:00:00,27.121309280395508,0.0348288512314766,27.331036,0.0273652669039146,28.1,27.1213092803955,XGB
2024-08-18 05:00:00,27.17683792114257,0.00654955263491,26.962156295776367,0.0014016186749493,27.0,27.1768379211426,XGB
2024-08-18 06:00:00,26.072656631469727,0.0010476386410066,25.627132,0.0181175478927203,26.1,25.627132,XGB
2024-08-18 07:00:00,25.15555953979492,0.0211844537044778,24.90001106262207,0.03112797421704,25.7,25.1555595397949,XGB
2024-08-18 08:00:00,24.85786247253418,0.0063911932200073,24.920394897460938,0.0089228703425481,24.7,24.8578624725342,XGB
2024-08-18 09:00:00,24.818702697753903,0.0088903535672317,24.321617,0.0113163821138212,24.6,24.321617,XGB
2024-08-18 10:00:00,25.94389915466309,0.0319440613931683,25.00857734680176,0.0668441288506805,26.8,25.0085773468018,XGB
2024-08-18 11:00:00,28.593616485595703,0.0285473555969677,28.887236,0.0391092086330935,27.8,28.887236,XGB
2024-08-18 12:00:00,29.109140396118164,0.0198942627569641,28.602415,0.0369557239057238,29.7,28.602415,XGB
2024-08-18 13:00:00,30.717086791992188,0.0005565730290615,30.884863,0.0060215960912052,30.7,30.7170867919922,XGB
2024-08-18 14:00:00,31.96388816833496,0.024483595138941,31.252422332763672,0.0016802029731946,31.2,31.963888168335,XGB
2024-08-18 15:00:00,31.849464416503903,0.0110941084604413,31.502146,6.812698412697649e-05,31.5,31.8494644165039,XGB
2024-08-18 16:00:00,32.143558502197266,0.0109674307016225,31.643732,0.0263467076923076,32.5,32.1435585021973,XGB
2024-08-18 17:00:00,32.863807678222656,0.0041270400538589,32.788857,0.0063982727272727,33.0,32.8638076782227,XGB
2024-08-18 18:00:00,33.032020568847656,0.0139695352582789,32.655556,0.0252072835820896,33.5,33.0320205688477,XGB
2024-08-18 19:00:00,33.78041458129883,0.0083705845163829,33.032345,0.0139598507462686,33.5,33.7804145812988,XGB
2024-08-18 20:00:00,33.265716552734375,0.0069935357392723,32.54443,0.0285244776119403,33.5,33.2657165527344,XGB
2024-08-18 21:00:00,32.67413711547852,0.0115831924296757,32.53414,0.0072489164086688,32.3,32.6741371154785,XGB
2024-08-18 22:00:00,31.07372665405273,0.000844802120491,30.69001,0.0131829581993569,31.1,31.0737266540527,XGB
2024-08-18 23:00:00,29.790781021118164,0.0168059068937899,29.696018,0.019933399339934,30.3,29.7907810211182,XGB
2024-08-19 00:00:00,29.28270721435547,0.0347246365496631,28.955921173095703,0.0231774266111555,28.3,28.9559211730957,XGB
2024-08-19 01:00:00,27.41804313659668,0.0425111458782007,26.64679,0.0131859315589353,26.3,27.4180431365967,XGB
2024-08-19 02:00:00,25.790834426879883,0.0275232839394375,25.072893,0.0010799601593625,25.1,25.7908344268799,XGB
2024-08-19 03:00:00,24.47934913635254,0.0115433527418404,24.06742286682129,0.0054783939330045,24.2,24.4793491363525,XGB
2024-08-19 04:00:00,23.63982963562012,0.014584962902151,23.08798217773437,0.0090994773504561,23.3,23.6398296356201,XGB
2024-08-19 05:00:00,22.40452766418457,0.0086492183989128,22.27978134155273,0.0141689671879323,22.6,22.4045276641846,XGB
2024-08-19 06:00:00,21.759052276611328,0.0064359691045055,21.75401496887207,0.0066659831565264,21.9,21.7540149688721,XGB
2024-08-19 07:00:00,21.373271942138672,0.0150565925281717,21.16792106628418,0.0245197665306829,21.7,21.3732719421387,XGB
2024-08-19 08:00:00,22.151596069335938,0.0351213116512121,21.760269165039062,0.0168350077121057,21.4,22.1515960693359,XGB
2024-08-19 09:00:00,22.87716293334961,0.0258817458901169,22.177217483520508,0.0055059424430265,22.3,22.8771629333496,XGB
2024-08-19 10:00:00,24.49199485778809,0.0120659032143838,23.823097,0.0155745041322313,24.2,24.4919948577881,XGB
2024-08-19 11:00:00,26.10062599182129,0.0155885599930462,25.85954475402832,0.006207967082814,25.7,25.8595447540283,XGB
2024-08-19 12:00:00,27.07503128051757,0.0082406124352538,26.790909,0.018648021978022,27.3,26.790909,XGB
2024-08-19 13:00:00,28.998998641967773,0.0283332851761622,28.36526870727539,0.0058605924565741,28.2,28.9989986419678,XGB
2024-08-19 14:00:00,29.7181453704834,0.0159554513084967,28.942507,0.0416388410596026,30.2,29.7181453704834,XGB
2024-08-19 15:00:00,31.59296989440918,0.021889476953276,31.228946685791016,0.0331595453315474,32.3,31.228946685791,XGB
2024-08-19 16:00:00,33.245140075683594,0.001359640833843,33.120201110839844,0.0024035809987999,33.2,33.2451400756836,XGB
2024-08-19 17:00:00,33.70769119262695,0.005672826176196,33.27044677734375,0.0185708915237831,33.9,33.707691192627,XGB
2024-08-19 18:00:00,34.35090637207031,0.0044124670195996,33.78449249267578,0.0121493423194216,34.2,34.3509063720703,XGB
2024-08-19 19:00:00,34.728424072265625,0.0008191375292686,33.56745147705078,0.0326382859639545,34.7,34.7284240722656,XGB
2024-08-19 20:00:00,34.49919891357422,0.0029133261972769,33.945919036865234,0.0189040740790395,34.6,34.4991989135742,XGB
2024-08-19 21:00:00,34.1062126159668,0.0120537868239404,33.28130340576172,0.0124242312830351,33.7,34.1062126159668,XGB
2024-08-19 22:00:00,32.612998962402344,0.0034768911508413,32.00498580932617,0.015231205866887,32.5,32.6129989624023,XGB
2024-08-19 23:00:00,31.148963928222656,0.001635771531325,30.689281463623047,0.0163691838582356,31.2,31.1489639282227,XGB
2024-08-20 00:00:00,29.70287322998047,0.0229318016453792,29.434648513793945,0.0317549830988833,30.4,29.4346485137939,XGB
2024-08-20 01:00:00,29.09675025939941,0.0136694827322233,28.9365234375,0.0191009004237288,29.5,29.0967502593994,XGB
2024-08-20 02:00:00,28.36392402648925,0.0219336542589913,27.968196868896484,0.0355794183139143,29.0,28.3639240264893,XGB
2024-08-20 03:00:00,27.72120857238769,0.0043916149415829,27.770095825195312,0.0061628922172214,27.6,27.7700958251953,XGB
2024-08-20 04:00:00,26.615102767944336,0.0646041107177734,25.987932205200195,0.0395172882080078,25.0,25.9879322052002,XGB
2024-08-20 05:00:00,24.2369384765625,0.0226556319224683,23.30195617675781,0.0167950980270966,23.7,24.2369384765625,XGB
2024-08-20 06:00:00,22.94279861450196,0.0110862666162947,22.810646057128903,0.0167824975375472,23.2,22.942798614502,XGB
2024-08-20 07:00:00,22.73216438293457,0.028604723209709,22.205629348754883,0.0047796085409448,22.1,22.7321643829346,XGB
2024-08-20 08:00:00,21.5068302154541,0.0179529581984427,21.12437438964844,0.0354166945366008,21.9,21.5068302154541,XGB
2024-08-20 09:00:00,22.54463005065918,0.0606404145558675,22.01135635375977,0.0828601519266762,24.0,22.0113563537598,XGB
2024-08-20 10:00:00,26.167064666748047,0.0125635974812057,26.435211181640625,0.002444861070165,26.5,26.167064666748,XGB
2024-08-20 11:00:00,28.36659240722656,0.035277095154254,27.63995361328125,0.0087574311416515,27.4,27.6399536132813,XGB
2024-08-20 12:00:00,28.896873474121094,0.0139253850568804,28.345109939575195,0.0054347389622738,28.5,28.8968734741211,XGB
2024-08-20 13:00:00,30.0067081451416,0.0096795991702441,29.47773742675781,0.0271373786548578,30.3,30.0067081451416,XGB
2024-08-20 14:00:00,31.97449111938477,0.0070033813855662,31.364755630493164,0.0259392661337527,32.2,31.9744911193848,XGB
2024-08-20 15:00:00,33.8114013671875,0.0033056785515577,33.191932678222656,0.0150761816551141,33.7,33.1919326782227,XGB
2024-08-20 16:00:00,34.528953552246094,0.007788691027411,34.3447380065918,0.0130822411898908,34.8,34.5289535522461,XGB
2024-08-20 17:00:00,35.38996505737305,0.0198837192326525,35.00202941894531,0.0087040178370406,34.7,35.3899650573731,XGB
2024-08-20 18:00:00,35.27643966674805,0.0078982761928013,34.192588806152344,0.0230688912527901,35.0,35.2764396667481,XGB
2024-08-20 19:00:00,35.14573669433594,0.0013030397246705,34.55719375610352,0.015464565353176,35.1,35.1457366943359,XGB
2024-08-20 20:00:00,34.552284240722656,0.0127918788364955,34.076438903808594,0.026387459891183,35.0,34.5522842407227,XGB
2024-08-20 21:00:00,34.48012924194336,0.0034644727762035,33.75037384033203,0.0245556693545656,34.6,34.4801292419434,XGB
2024-08-20 22:00:00,33.74758529663086,0.004392419542585,33.065826416015625,0.0158980233328683,33.6,33.7475852966309,XGB
2024-08-20 23:00:00,32.19684982299805,0.0030171284423067,31.85508728027344,0.0076296797422604,32.1,32.1968498229981,XGB
2024-08-21 00:00:00,30.72531509399414,0.010701154407702,30.273944854736328,0.0041465508310417,30.4,30.2739448547363,XGB
2024-08-21 01:00:00,29.23776626586914,0.0294988121784909,28.71717643737793,0.0111681844147158,28.4,29.2377662658691,XGB
2024-08-21 02:00:00,27.03963851928711,0.0014680933069299,26.77644729614257,0.0082797297724973,27.0,27.0396385192871,XGB
2024-08-21 03:00:00,26.4243106842041,0.0362474778119255,25.67466163635254,0.0068494759353936,25.5,26.4243106842041,XGB
2024-08-21 04:00:00,24.559139251708984,0.0065221004798764,24.104448318481445,0.0121127738327275,24.4,24.1044483184814,XGB
2024-08-21 05:00:00,23.684024810791016,0.0035603733386022,23.22331619262696,0.0159611782785186,23.6,23.223316192627,XGB
2024-08-21 06:00:00,22.87663078308105,0.0077810917656851,22.56378173828125,0.0060008044810021,22.7,22.8766307830811,XGB
2024-08-21 07:00:00,22.238431930541992,0.007212860243661,21.714637756347656,0.0305965287344795,22.4,22.238431930542,XGB
2024-08-21 08:00:00,22.278350830078125,0.0080701733067024,22.394926071166992,0.0133450710935289,22.1,22.2783508300781,XGB
2024-08-21 09:00:00,23.85681915283203,0.0603030734592013,22.84275245666504,0.0152334425184461,22.5,23.856819152832,XGB
2024-08-21 10:00:00,24.498226165771484,0.0040256625316182,23.78110885620117,0.0253643911392963,24.4,24.4982261657715,XGB
2024-08-21 11:00:00,26.38069725036621,0.0007311647588555,26.484899520874023,0.0032158909421979,26.4,26.484899520874,XGB
2024-08-21 12:00:00,27.83391189575196,0.0059317180088585,27.58840560913086,0.0146997996738978,28.0,27.833911895752,XGB
2024-08-21 13:00:00,29.36459350585937,0.0196039411756725,29.21504211425781,0.0144111845228405,28.8,29.3645935058594,XGB
2024-08-21 14:00:00,29.797870635986328,0.0230206348856941,29.71670913696289,0.0256816676405609,30.5,29.7978706359863,XGB
2024-08-21 15:00:00,31.78790283203125,0.0127980486946817,31.46830368041992,0.0227234881857169,32.2,31.7879028320313,XGB
2024-08-21 16:00:00,32.521846771240234,0.0349600364617141,33.00628662109375,0.0205849667331232,33.7,32.5218467712402,XGB
2024-08-21 17:00:00,34.23948669433594,0.0161067041857488,34.207115173339844,0.0170369203063262,34.8,34.2394866943359,XGB
2024-08-21 18:00:00,35.02067565917969,0.0079128708447679,34.89035415649414,0.0116046981163132,35.3,35.0206756591797,XGB
2024-08-21 19:00:00,35.155784606933594,0.0152441286573223,34.8442268371582,0.0239712370543921,35.7,35.1557846069336,XGB
2024-08-21 20:00:00,35.610557556152344,0.000296560566077,34.98908615112305,0.0171605013729481,35.6,35.6105575561523,XGB
2024-08-21 21:00:00,35.1457405090332,0.0099350720986553,34.353389739990234,0.0128336281612,34.8,35.1457405090332,XGB
2024-08-21 22:00:00,34.066131591796875,0.0260883009577371,33.13821029663086,0.0018611356436488,33.2,34.0661315917969,XGB
2024-08-21 23:00:00,31.72720718383789,0.0201674335639192,31.216732025146484,0.003753441323038,31.1,31.7272071838379,XGB
2024-08-22 00:00:00,29.572662353515625,0.0304045129994877,29.33582878112793,0.03816954815974,30.5,29.3358287811279,XGB
2024-08-22 01:00:00,28.95110511779785,0.0119076751604829,29.188098907470703,0.0038191499156756,29.3,29.1880989074707,XGB
2024-08-22 02:00:00,28.244861602783203,0.0054626196203097,27.521936416625977,0.0309177318089444,28.4,28.2448616027832,XGB
2024-08-22 03:00:00,27.38504409790039,0.0288991454645251,27.055082321166992,0.0405999176891137,28.2,27.055082321167,XGB
2024-08-22 04:00:00,27.16179847717285,0.0264588359436253,27.101282119750977,0.0286278810125097,27.9,27.101282119751,XGB
2024-08-22 05:00:00,26.91643714904785,0.0157146093980321,26.7767333984375,0.0104427697523584,26.5,26.9164371490479,XGB
2024-08-22 06:00:00,25.50520896911621,0.0114260089489841,24.990324020385746,0.0313827899075292,25.8,25.5052089691162,XGB
2024-08-22 07:00:00,24.743682861328125,0.0258392574280265,24.75310134887696,0.0254684508316156,25.4,24.7436828613281,XGB
2024-08-22 08:00:00,24.384737014770508,0.032351705763075,24.462770462036133,0.0292551403953915,25.2,24.3847370147705,XGB
2024-08-22 09:00:00,25.139448165893555,0.0024028505597795,25.109220504760746,0.0036023609221926,25.2,25.1092205047607,XGB
2024-08-22 10:00:00,26.671031951904297,0.0377833444320738,25.54411697387696,0.0060654873977836,25.7,26.6710319519043,XGB
2024-08-22 11:00:00,27.383480072021484,0.0006029170795078,26.43202018737793,0.0353277303876667,27.4,26.4320201873779,XGB
2024-08-22 12:00:00,28.70362663269043,0.0136210779144182,28.80082321166992,0.0102809892896935,29.1,28.7036266326904,XGB
2024-08-22 13:00:00,30.375825881958008,0.0040712825587538,30.13169288635254,0.0120756430704085,30.5,30.1316928863525,XGB
2024-08-22 14:00:00,31.841815948486328,0.0049432516098022,31.319345474243164,0.0212704539299011,32.0,31.8418159484863,XGB
2024-08-22 15:00:00,33.65950012207031,0.021526159242142,32.72856903076172,0.0485881095708802,34.4,33.6595001220703,XGB
2024-08-22 16:00:00,34.85992813110352,0.0096611326391045,35.492095947265625,0.008298180320046,35.2,34.8599281311035,XGB
2024-08-22 17:00:00,35.705684661865234,0.0001592342259168,35.1190071105957,0.0162743106275714,35.7,35.7056846618652,XGB
2024-08-22 18:00:00,35.981956481933594,0.0022829103602672,35.603050231933594,0.0082715812831867,35.9,35.9819564819336,XGB
2024-08-22 19:00:00,36.12268829345703,0.0118400082200848,35.322513580322266,0.0105738492906929,35.7,36.122688293457,XGB
2024-08-22 20:00:00,35.51218795776367,0.0146339416503906,34.71544647216797,0.0081301007952008,35.0,35.5121879577637,XGB
2024-08-22 21:00:00,34.52415466308594,0.0094782065229805,33.59467315673828,0.0176996153000503,34.2,34.5241546630859,XGB
2024-08-22 22:00:00,33.1268196105957,0.0099640125181617,32.66313934326172,0.0041725809981182,32.8,33.1268196105957,XGB
2024-08-22 23:00:00,31.437952041625977,0.0082664971095906,31.02034568786621,0.0214401991209396,31.7,31.437952041626,XGB
2024-08-23 00:00:00,30.74555778503418,0.004756790360594,30.20458030700684,0.012922212189319,30.6,30.7455577850342,XGB
2024-08-23 01:00:00,29.665639877319336,0.0159465711410731,29.06089973449707,0.004763707722703,29.2,29.0608997344971,XGB
2024-08-23 02:00:00,28.29455947875977,0.0105199813842774,27.672203063964844,0.011707033429827,28.0,28.2945594787598,XGB
2024-08-23 03:00:00,27.27287101745605,0.0046397438884652,26.656021118164062,0.0271525139356181,27.4,27.2728710174561,XGB
2024-08-23 04:00:00,26.107419967651367,0.0221940087021959,26.278074264526367,0.0158024620027577,26.7,26.1074199676514,XGB
2024-08-23 05:00:00,25.79603385925293,0.0076575726270675,25.56416702270508,0.0013997256755828,25.6,25.5641670227051,XGB
2024-08-23 06:00:00,24.82128524780273,0.0299288484565447,24.37233543395996,0.0113002254755169,24.1,24.8212852478027,XGB
2024-08-23 07:00:00,23.466215133666992,0.024725551688515,22.81878089904785,0.0035466856310981,22.9,22.8187808990479,XGB
2024-08-23 08:00:00,22.475971221923828,0.0263000557956086,22.09174919128418,0.0087556708348941,21.9,22.4759712219238,XGB
2024-08-23 09:00:00,22.4516716003418,0.0526720843737636,21.73226356506348,0.0830268537947898,23.7,22.4516716003418,XGB
2024-08-23 10:00:00,26.15478706359864,0.0419491918095736,26.239391326904297,0.0388501345456301,27.3,26.2393913269043,XGB
2024-08-23 11:00:00,28.94679450988769,0.0085991118427767,28.88266944885254,0.006364789158625,28.7,28.9467945098877,XGB
2024-08-23 12:00:00,29.54056167602539,0.0439947677661685,29.775680541992188,0.036385742977599,30.9,29.7756805419922,XGB
2024-08-23 13:00:00,32.17179107666016,0.0022364821389458,32.09196853637695,0.0002502013589734,32.1,32.1717910766602,XGB
2024-08-23 14:00:00,33.787837982177734,0.0085921785724696,33.057308197021484,0.0132146806859258,33.5,33.7878379821777,XGB
2024-08-23 15:00:00,34.79933547973633,0.0057611410328418,34.35336685180664,0.0071281256703283,34.6,34.7993354797363,XGB
2024-08-23 16:00:00,35.52217483520508,0.0178273591749306,34.990135192871094,0.0025826702828394,34.9,34.9901351928711,XGB
2024-08-23 17:00:00,35.393123626708984,0.0058111340812083,34.82666015625,0.0217230293188202,35.6,35.393123626709,XGB
2024-08-23 18:00:00,36.11844253540039,0.0022529686353484,35.45361328125,0.0206184176450277,36.2,36.1184425354004,XGB
2024-08-23 19:00:00,36.33241653442383,0.0148719702353025,35.5333366394043,0.0074486972233435,35.8,36.3324165344238,XGB
2024-08-23 20:00:00,34.79289627075195,0.0084897469783174,34.45058822631836,0.0014322253241055,34.5,34.792896270752,XGB
2024-08-23 21:00:00,33.485225677490234,0.1312576242395348,32.67230987548828,0.1037942525502797,29.6,33.4852256774902,XGB
2024-08-23 22:00:00,27.9591121673584,0.0392057674447286,27.233766555786133,0.0641317334781398,29.1,27.2337665557861,XGB
2024-08-23 23:00:00,27.422229766845703,0.0478392442067464,28.84064483642578,0.0014112790425618,28.8,27.4222297668457,XGB
2024-08-24 00:00:00,27.74575424194336,0.0366057554880778,27.277944564819336,0.0528491470548841,28.8,27.7457542419434,XGB
2024-08-24 01:00:00,27.61007308959961,0.0243790427703318,27.636011123657227,0.0234625044644089,28.3,27.6360111236572,XGB
2024-08-24 02:00:00,27.47195625305176,0.0153420697830909,26.92099571228028,0.0350897594164773,27.9,27.4719562530518,XGB
2024-08-24 03:00:00,27.005401611328125,0.0071543525247012,26.80787467956543,0.0144163720748003,27.2,27.0054016113281,XGB
2024-08-24 04:00:00,26.00269317626953,0.0150495008988813,25.926942825317383,0.0179188323743415,26.4,26.0026931762695,XGB
2024-08-24 05:00:00,25.397809982299805,0.0078980475664139,25.17963981628418,0.0164203196763992,25.6,25.1796398162842,XGB
2024-08-24 06:00:00,24.493337631225582,0.0241698154890206,24.4267807006836,0.0268214860285418,25.1,24.4267807006836,XGB
2024-08-24 07:00:00,24.37952041625977,0.0089625847048874,24.15101432800293,0.0182514500811817,24.6,24.1510143280029,XGB
2024-08-24 08:00:00,25.212438583374023,0.0375489128960503,24.5224838256836,0.0091557129910946,24.3,24.5224838256836,XGB
2024-08-24 09:00:00,25.60654640197754,0.0325220323378039,24.82149314880371,0.000866659225956,24.8,25.6065464019775,XGB
2024-08-24 10:00:00,26.249401092529297,0.0174186469972595,25.71752548217773,0.0031966867372972,25.8,25.7175254821777,XGB
2024-08-24 11:00:00,27.477161407470703,0.025267216696668,26.78695106506348,0.0004869005573328,26.8,27.4771614074707,XGB
2024-08-24 12:00:00,27.73608016967773,0.0164510578128464,27.608089447021484,0.0209897359212239,28.2,27.6080894470215,XGB
2024-08-24 13:00:00,29.005483627319336,0.0066615196123514,29.101837158203125,0.0033617411574272,29.2,29.1018371582031,XGB
2024-08-24 14:00:00,29.027868270874023,0.0666280298754333,29.72219657897949,0.0443023608045181,31.1,29.027868270874,XGB
2024-08-24 15:00:00,31.829160690307617,0.0527035508837019,31.940195083618164,0.0493989558446975,33.6,31.8291606903076,XGB
2024-08-24 16:00:00,34.03544998168945,0.0134652179220448,34.4302864074707,0.0020206838414288,34.5,34.4302864074707,XGB
2024-08-24 17:00:00,34.62371063232422,0.0107511247907366,34.316043853759766,0.0195416041782924,35.0,34.6237106323242,XGB
2024-08-24 18:00:00,35.31019592285156,0.0117534648381536,34.6673469543457,0.0066662763797792,34.9,35.3101959228516,XGB
2024-08-24 19:00:00,34.56668472290039,0.0038419388213144,34.1369514465332,0.0162261830970259,34.7,34.1369514465332,XGB
2024-08-24 20:00:00,34.290611267089844,0.0026494522540889,33.76438522338867,0.0127372741699219,34.2,33.7643852233887,XGB
2024-08-24 21:00:00,33.64607238769531,0.0073674367573447,32.933101654052734,0.0139789923936306,33.4,33.6460723876953,XGB
2024-08-24 22:00:00,31.99102783203125,0.0064898188810171,31.884096145629883,0.0098106787071465,32.2,31.8840961456299,XGB
2024-08-24 23:00:00,31.08650016784668,0.006035604137433,30.54458999633789,0.0115019418660876,30.9,30.5445899963379,XGB
2024-08-25 00:00:00,29.74993896484375,0.0016814466277357,29.29448699951172,0.0136536363800767,29.7,29.7499389648438,XGB
2024-08-25 01:00:00,28.50798797607422,0.006690314422501,28.211530685424805,0.0170198367447803,28.7,28.2115306854248,XGB
2024-08-25 02:00:00,27.90593147277832,0.0002125975906208,27.32699584960937,0.0205377831681228,27.9,27.9059314727783,XGB
2024-08-25 03:00:00,27.03411102294922,0.0097395229688931,26.64413070678711,0.0240245162349044,27.3,27.0341110229492,XGB
2024-08-25 04:00:00,26.311016082763672,0.000418862462497,26.17310905456543,0.0048247507769798,26.3,26.3110160827637,XGB
2024-08-25 05:00:00,25.52620887756348,0.0334497521280761,25.037471771240234,0.0136628247465682,24.7,25.0374717712402,XGB
2024-08-25 06:00:00,23.75006675720215,0.023709774017334,23.30137825012207,0.004369752160434,23.2,23.7500667572022,XGB
2024-08-25 07:00:00,22.66800308227539,0.0165023803710937,22.08541488647461,0.009622650830735,22.3,22.0854148864746,XGB
2024-08-25 08:00:00,21.76405143737793,0.0029516791418401,21.727888107299805,0.001285166235014,21.7,21.7278881072998,XGB
2024-08-25 09:00:00,22.94440650939941,0.0622410421018244,21.88126373291016,0.013021469116211,21.6,22.9444065093994,XGB
2024-08-25 10:00:00,23.400808334350582,0.040035925971137,22.39411163330078,0.0047061496310763,22.5,22.3941116333008,XGB
2024-08-25 11:00:00,25.064870834350582,0.0272488046864993,24.03563117980957,0.0149331483684601,24.4,24.0356311798096,XGB
2024-08-25 12:00:00,26.775680541992188,0.0219725397706942,26.09442710876465,0.0040294996654714,26.2,26.0944271087647,XGB
2024-08-25 13:00:00,27.40161895751953,0.0035774924538352,27.38021850585937,0.0043556906960228,27.5,27.3802185058594,XGB
2024-08-25 14:00:00,28.81961441040039,0.0197410064489662,28.61651992797852,0.0266489820415469,29.4,28.8196144104004,XGB
2024-08-25 15:00:00,30.59532928466797,0.0130538940429687,30.432025909423828,0.0183217448572958,31.0,30.595329284668,XGB
2024-08-25 16:00:00,31.986248016357425,0.0218272777872347,31.82446479797364,0.026774776820378,32.7,31.8244647979736,XGB
2024-08-25 17:00:00,33.312461853027344,0.0055981536409748,33.32060623168945,0.0053550378600163,33.5,33.3124618530273,XGB
2024-08-25 18:00:00,34.123104095458984,0.0006775394562751,33.539485931396484,0.0164373627156456,34.1,34.123104095459,XGB
2024-08-25 19:00:00,34.4406852722168,0.0099907704462403,33.945945739746094,0.00451772024205,34.1,33.9459457397461,XGB
2024-08-25 20:00:00,34.035667419433594,0.0069724088589821,33.3306884765625,0.0138849563147188,33.8,33.3306884765625,XGB
2024-08-25 21:00:00,33.46903991699219,0.0050762737835492,32.71728515625,0.0174989442567566,33.3,33.4690399169922,XGB
2024-08-25 22:00:00,31.856258392333984,0.0106752052070192,31.90654563903809,0.0091134894708668,32.2,31.856258392334,XGB
2024-08-25 23:00:00,31.14248275756836,0.096566294280576,30.47098159790039,0.0729218872500138,28.4,31.1424827575684,XGB
2024-08-26 00:00:00,27.32122802734375,0.0232669673162453,26.160362243652344,0.0202111519231331,26.7,27.3212280273438,XGB
2024-08-26 01:00:00,25.96649932861328,0.0126806338930311,25.90222549438477,0.0151245059169289,26.3,25.9022254943848,XGB
2024-08-26 02:00:00,25.51520156860352,0.0261373447097893,25.156810760498047,0.0398163831870974,26.2,25.5152015686035,XGB
2024-08-26 03:00:00,25.62461853027344,0.0128307719475668,25.03478240966797,0.0104829087087759,25.3,25.6246185302734,XGB
2024-08-26 04:00:00,24.30107688903809,0.0121513459740614,23.956138610839844,0.0261732272016324,24.6,24.3010768890381,XGB
2024-08-26 05:00:00,23.80039405822754,0.0041676126264627,23.53567314147949,0.0152438016117368,23.9,23.5356731414795,XGB
2024-08-26 06:00:00,23.03056526184082,0.0157878093230418,22.823299407958984,0.0246453244461971,23.4,22.823299407959,XGB
2024-08-26 07:00:00,22.661699295043945,0.0356723704236619,22.462963104248047,0.044129229606466,23.5,22.462963104248,XGB
2024-08-26 08:00:00,23.2541732788086,0.0229338958483781,22.84745216369629,0.0400230183320887,23.8,22.8474521636963,XGB
2024-08-26 09:00:00,24.735492706298828,0.0393064162310431,23.85423469543457,0.0022787687157382,23.8,23.8542346954346,XGB
2024-08-26 10:00:00,24.958057403564453,0.0442701842495587,24.13907241821289,0.0100030300507486,23.9,24.1390724182129,XGB
2024-08-26 11:00:00,25.24893379211425,0.0520389080047604,24.526535034179688,0.0219389597574869,24.0,24.5265350341797,XGB
2024-08-26 12:00:00,24.958927154541016,0.0288355192785596,24.61073875427246,0.0423837060594372,25.7,24.6107387542725,XGB
2024-08-26 13:00:00,26.91266250610352,0.0042038248546088,26.96438980102539,0.0061339477994548,26.8,26.9643898010254,XGB
2024-08-26 14:00:00,28.05395126342773,0.0086943016456632,27.48977279663086,0.0286299365148106,28.3,28.0539512634277,XGB
2024-08-26 15:00:00,29.31313133239746,0.0228956222534179,29.13561248779297,0.0288129170735677,30.0,29.3131313323975,XGB
2024-08-26 16:00:00,31.28389358520508,0.0100033675568012,30.67112922668457,0.0293946447251718,31.6,30.6711292266846,XGB
2024-08-26 17:00:00,31.84490966796875,0.0079467393156153,32.02764892578125,0.0022539275457554,32.1,31.8449096679688,XGB
2024-08-26 18:00:00,32.28018951416016,0.018839224493612,31.838489532470703,0.0322647558519542,32.9,32.2801895141602,XGB
2024-08-26 19:00:00,33.10780334472656,0.002777007688959,32.69498825073242,0.0152111972670958,33.2,32.6949882507324,XGB
2024-08-26 20:00:00,33.328582763671875,0.0130268317225494,32.40504837036133,0.0150441224814185,32.9,33.3285827636719,XGB
2024-08-26 21:00:00,32.27286529541016,0.0039239106354887,31.78962516784668,0.0188387293874481,32.4,32.2728652954102,XGB
2024-08-26 22:00:00,31.515300750732425,0.0089528065807413,31.17168617248535,0.0197582964627248,31.8,31.5153007507324,XGB
2024-08-26 23:00:00,30.867233276367188,0.0087331136067707,30.41563606262207,0.0060249652737885,30.6,30.4156360626221,XGB
2024-08-27 00:00:00,29.56061744689941,0.0372146472596284,28.930465698242188,0.0151040595874451,28.5,29.5606174468994,XGB
2024-08-27 01:00:00,27.46445083618164,0.0295247054352777,26.75788307189941,0.0544917642438371,28.3,27.4644508361816,XGB
2024-08-27 02:00:00,27.14371681213379,0.0200824255547368,27.300540924072266,0.0144209052681492,27.7,27.1437168121338,XGB
2024-08-27 03:00:00,26.42741203308105,0.0354959112014214,26.32815170288086,0.0391185509897496,27.4,26.4274120330811,XGB
2024-08-27 04:00:00,26.118541717529297,0.0217774637629476,26.40543937683105,0.0110322330774886,26.7,26.1185417175293,XGB
2024-08-27 05:00:00,25.619686126708984,0.0086490601066529,25.48748016357422,0.0034441009281189,25.4,25.619686126709,XGB
2024-08-27 06:00:00,24.30880355834961,0.0003622863518357,24.07115364074707,0.0094175456482687,24.3,24.3088035583496,XGB
2024-08-27 07:00:00,23.374919891357425,0.0095372927390922,23.15667152404785,0.0187851049132266,23.6,23.3749198913574,XGB
2024-08-27 08:00:00,22.81759262084961,0.0207041793626777,22.67296028137207,0.0269115759067781,23.3,22.6729602813721,XGB
2024-08-27 09:00:00,23.03752517700196,0.0480361497106627,22.66223907470703,0.0635438398881391,24.2,22.662239074707,XGB
2024-08-27 10:00:00,25.24230194091797,0.0022805556949419,24.739892959594727,0.0221386181978369,25.3,24.7398929595947,XGB
2024-08-27 11:00:00,26.902862548828125,0.0229225303736929,26.14232444763184,0.0059952681508806,26.3,26.1423244476318,XGB
2024-08-27 12:00:00,27.62703895568848,0.0009796723075535,27.01820182800293,0.0210796439129373,27.6,27.6270389556885,XGB
2024-08-27 13:00:00,28.996322631835938,0.0138574346795781,28.435998916625977,0.0057343036144763,28.6,28.9963226318359,XGB
2024-08-27 14:00:00,29.74505615234375,0.0527052180782244,29.1658878326416,0.0711500690241527,31.4,29.7450561523438,XGB
2024-08-27 15:00:00,32.27058029174805,0.0424160150816604,33.05913543701172,0.0190167526109283,33.7,32.2705802917481,XGB
2024-08-27 16:00:00,34.41091537475586,0.0054648735619694,34.37590026855469,0.0064768708510206,34.6,34.4109153747559,XGB
2024-08-27 17:00:00,35.16014862060547,0.0132607671644226,34.76841354370117,0.001971571864587,34.7,34.7684135437012,XGB
2024-08-27 18:00:00,35.20260238647461,0.0086705554863785,34.32434844970703,0.0164943137619761,34.9,35.2026023864746,XGB
2024-08-27 19:00:00,35.136756896972656,0.0096769223268005,34.49298477172852,0.0088222766744676,34.8,35.1367568969727,XGB
2024-08-27 20:00:00,34.37184143066406,0.0079718894622891,33.86572265625,0.0068703033357771,34.1,34.3718414306641,XGB
2024-08-27 21:00:00,33.1099739074707,0.0116425699262476,32.70897674560547,0.0236126344595382,33.5,33.1099739074707,XGB
2024-08-27 22:00:00,32.50554275512695,0.0032574924421899,32.04349899291992,0.0110031175024715,32.4,32.505542755127,XGB
2024-08-27 23:00:00,31.31016540527344,0.0067577300731009,30.63764381408692,0.0148667583894881,31.1,30.6376438140869,XGB
2024-08-28 00:00:00,29.879547119140625,0.0138763327016295,29.46052360534668,0.0277054915727168,30.3,29.4605236053467,XGB
2024-08-28 01:00:00,29.241838455200195,0.015426314639724,28.924999237060547,0.0260943017824731,29.7,29.2418384552002,XGB
2024-08-28 02:00:00,28.5206241607666,0.0097005499733819,28.410648345947266,0.0135191546546088,28.8,28.5206241607666,XGB
2024-08-28 03:00:00,27.637636184692383,0.0236161549886067,27.410001754760746,0.0151852501763239,27.0,27.6376361846924,XGB
2024-08-28 04:00:00,26.007869720458984,0.003529895767855,25.31811141967773,0.029957416870585,26.1,26.007869720459,XGB
2024-08-28 05:00:00,25.26705741882324,0.0147412618001301,24.991260528564453,0.0036650814684519,24.9,24.9912605285645,XGB
2024-08-28 06:00:00,24.0728759765625,0.0114653771664915,23.60826301574707,0.0080561758089466,23.8,24.0728759765625,XGB
2024-08-28 07:00:00,23.147762298583984,0.006424447764521,22.752376556396484,0.0107662366784137,23.0,23.147762298584,XGB
2024-08-28 08:00:00,22.428253173828125,0.020600298086108,22.32157516479492,0.0252587264281694,22.9,22.4282531738281,XGB
2024-08-28 09:00:00,23.41374015808105,0.0269184279860109,23.059728622436523,0.0113916062472159,22.8,23.0597286224365,XGB
2024-08-28 10:00:00,24.702606201171875,0.0388090972306663,23.289669036865234,0.0937871970091348,25.7,23.2896690368652,XGB
2024-08-28 11:00:00,28.257099151611328,0.0388639393974753,28.19802665710449,0.0366921565111944,27.2,28.1980266571045,XGB
2024-08-28 12:00:00,28.37207221984864,0.0169201512490552,28.140005111694336,0.0086023337524852,27.9,28.3720722198486,XGB
2024-08-28 13:00:00,29.19694900512696,0.0136165876646297,28.98445701599121,0.020795371081378,29.6,29.196949005127,XGB
2024-08-28 14:00:00,31.06891441345215,0.0229901127845236,30.622989654541016,0.0370129039452511,31.8,31.0689144134522,XGB
2024-08-28 15:00:00,33.29799270629883,0.0089883123125349,32.84591293334961,0.022443067459833,33.6,33.2979927062988,XGB
2024-08-28 16:00:00,34.430450439453125,0.0106192402455997,34.432884216308594,0.0105493041290633,34.8,34.4304504394531,XGB
2024-08-28 17:00:00,35.379364013671875,0.0022482723419795,34.98897933959961,0.0088107835807475,35.3,34.9889793395996,XGB
2024-08-28 18:00:00,35.48065185546875,0.0166375889819126,35.14654922485352,0.0070644477035393,34.9,35.4806518554688,XGB
2024-08-28 19:00:00,34.784427642822266,0.0033115288589608,34.05520248413086,0.0242062325463936,34.9,34.0552024841309,XGB
2024-08-28 20:00:00,34.426265716552734,0.0107394909036569,34.0978889465332,0.0201756049846779,34.8,34.4262657165527,XGB
2024-08-28 21:00:00,33.956485748291016,0.0157540362814198,33.53982162475586,0.0278312572534533,34.5,33.956485748291,XGB
2024-08-28 22:00:00,33.300994873046875,0.0262866996185125,33.060482025146484,0.0333192390308046,34.2,33.3009948730469,XGB
2024-08-28 23:00:00,33.19192123413086,0.0002433363213597,32.74422836303711,0.013728061354304,33.2,32.7442283630371,XGB
2024-08-29 00:00:00,31.71881103515625,0.0133805442541932,31.438539505004883,0.0044261822685265,31.3,31.4385395050049,XGB
2024-08-29 01:00:00,29.784740447998047,0.0137503162914553,29.328845977783203,0.0288461596760528,30.2,29.784740447998,XGB
2024-08-29 02:00:00,28.947246551513672,0.0121414878151633,28.804357528686523,0.0071453681358923,28.6,28.9472465515137,XGB
2024-08-29 03:00:00,27.710803985595703,0.0003900355810723,26.892520904541016,0.0291508698721654,27.7,26.892520904541,XGB
2024-08-29 04:00:00,26.80231285095215,0.0073217462610315,26.52138900756836,0.0177263330530237,27.0,26.8023128509522,XGB
2024-08-29 05:00:00,25.911067962646484,0.0147882903936698,25.787641525268555,0.0194813108262907,26.3,25.7876415252686,XGB
2024-08-29 06:00:00,25.41145133972168,0.0414529237590852,25.20482635498047,0.0329846866795274,24.4,25.4114513397217,XGB
2024-08-29 07:00:00,23.80069160461425,0.1497918649572102,22.85846900939941,0.1042738651883773,20.7,23.8006916046143,XGB
2024-08-29 08:00:00,19.44765853881836,0.0077725235296756,19.281906127929688,0.0162292791872609,19.6,19.4476585388184,XGB
2024-08-29 09:00:00,20.985321044921875,0.033759657385314,20.59358596801757,0.0144623629565305,20.3,20.5935859680176,XGB
2024-08-29 10:00:00,21.746795654296875,0.0505698383718297,22.396595001220703,0.0819611111700823,20.7,21.7467956542969,XGB
2024-08-29 11:00:00,23.358572006225582,0.0617532730102537,22.1096305847168,0.0049832083962182,22.0,22.1096305847168,XGB
2024-08-29 12:00:00,25.52899169921875,0.1099561608355978,23.73345184326172,0.0318892105765964,23.0,25.5289916992188,XGB
2024-08-29 13:00:00,25.028217315673828,0.0472057454256832,24.440563201904297,0.0226177071926484,23.9,25.0282173156738,XGB
2024-08-29 14:00:00,24.807741165161133,0.0531396501846895,25.06413078308105,0.0433537869053033,26.2,24.8077411651611,XGB
2024-08-29 15:00:00,27.34482955932617,0.0053246161516973,27.75050926208496,0.0202393111060647,27.2,27.3448295593262,XGB
2024-08-29 16:00:00,28.263511657714844,0.0625380322449188,28.245040893554688,0.0618436426148378,26.6,28.2635116577148,XGB
2024-08-29 17:00:00,27.650680541992188,0.114946796048072,26.593259811401367,0.0723088633629583,24.8,26.5932598114014,XGB
2024-08-29 18:00:00,25.021392822265625,0.0557964972729952,24.689069747924805,0.0683369906443469,26.5,25.0213928222656,XGB
2024-08-29 19:00:00,26.617769241333008,0.0249901376801096,27.33379364013672,0.0012378622760702,27.3,26.617769241333,XGB
2024-08-29 20:00:00,27.42290306091309,0.0232426515266077,27.31204605102539,0.0191061959337832,26.8,27.4229030609131,XGB
2024-08-29 21:00:00,26.743148803710938,0.0091754265551297,26.2339096069336,0.010041146908166,26.5,26.7431488037109,XGB
2024-08-29 22:00:00,26.182750701904297,0.038998043726361,25.7742862701416,0.0227891377040318,25.2,26.1827507019043,XGB
2024-08-29 23:00:00,24.13958740234375,0.0266295402280746,23.85433006286621,0.0381318523037818,24.8,24.1395874023438,XGB
2024-08-30 00:00:00,23.95566368103028,0.0023290243108904,23.98906898498535,0.0037267357734457,23.9,23.9890689849854,XGB
2024-08-30 01:00:00,23.081069946289062,0.0051262954185748,22.72429084777832,0.0205047048371413,23.2,23.0810699462891,XGB
2024-08-30 02:00:00,22.699949264526367,0.0087358399770144,22.281248092651367,0.027019733945355,22.9,22.2812480926514,XGB
2024-08-30 03:00:00,22.20624351501465,0.0217513870037599,22.093299865722656,0.0267268781619974,22.7,22.2062435150147,XGB
2024-08-30 04:00:00,22.09601211547852,0.004684138942409,21.93504905700684,0.011934727161854,22.2,22.0960121154785,XGB
2024-08-30 05:00:00,21.05449485778809,0.0473079249869643,21.338001251220703,0.0344795813927284,22.1,21.3380012512207,XGB
2024-08-30 06:00:00,21.11579322814941,0.0488381428761526,21.40502548217773,0.035809662964967,22.2,21.4050254821777,XGB
2024-08-30 07:00:00,21.37955665588379,0.0325992463401001,21.67343521118164,0.0193015741546769,22.1,21.3795566558838,XGB
2024-08-30 08:00:00,21.563379287719727,0.0286766086612735,21.494293212890625,0.0317885940139357,22.2,21.5633792877197,XGB
2024-08-30 09:00:00,22.12401962280273,0.0123205525534494,21.924789428710938,0.021214757646833,22.4,21.9247894287109,XGB
2024-08-30 10:00:00,22.786697387695312,0.0049477123277155,22.5134506225586,0.0168798854777902,22.9,22.7866973876953,XGB
2024-08-30 11:00:00,23.682422637939453,0.012069343501686,23.13204574584961,0.0114510365021533,23.4,23.1320457458496,XGB
2024-08-30 12:00:00,24.70974922180176,0.0044613504797463,23.5905818939209,0.0410332563446789,24.6,23.5905818939209,XGB
2024-08-30 13:00:00,25.87356948852539,0.0028515305629996,25.058433532714844,0.028742886328882,25.8,25.0584335327148,XGB
2024-08-30 14:00:00,26.603906631469727,0.0110071884211997,26.052988052368164,0.0314874329974659,26.9,26.6039066314697,XGB
2024-08-30 15:00:00,27.244997024536133,0.0372792570835289,27.042526245117188,0.0444337015859651,28.3,27.2449970245361,XGB
2024-08-30 16:00:00,28.86937522888184,0.0113227661341835,28.64911842346192,0.0188658074156876,29.2,28.6491184234619,XGB
2024-08-30 17:00:00,29.7011661529541,0.0066499614396621,29.071916580200195,0.0276950976521673,29.9,29.0719165802002,XGB
2024-08-30 18:00:00,29.878681182861328,0.0235725103640089,29.562286376953125,0.0339122099034926,30.6,29.8786811828613,XGB
2024-08-30 19:00:00,30.86145401000977,0.0052590882739338,30.10564041137696,0.0193602471864182,30.7,30.105640411377,XGB
2024-08-30 20:00:00,30.52656364440918,0.0141715496481454,29.823047637939453,0.0092010751515132,30.1,29.8230476379395,XGB
2024-08-30 21:00:00,29.41661262512207,0.0108801589389027,28.90765953063965,0.0066096381223488,29.1,29.4166126251221,XGB
2024-08-30 22:00:00,28.083606719970703,,27.69397735595703,,,28.461027145385746,XGB
2024-08-30 23:00:00,26.79778861999512,,26.208927154541016,,,26.79778861999512,XGB
2024-08-31 00:00:00,25.4055118560791,,24.83174705505371,,,25.4055118560791,XGB
2024-08-31 01:00:00,24.396434783935547,,23.53550910949707,,,24.396434783935547,XGB
2024-08-31 02:00:00,23.43387031555176,,22.29039192199707,,,23.43387031555176,XGB
2024-08-31 03:00:00,22.499082565307617,,21.08767318725586,,,22.499082565307617,XGB
2024-08-31 04:00:00,21.48172378540039,,19.9789981842041,,,21.48172378540039,XGB
2024-08-31 05:00:00,20.7895450592041,,19.015661239624023,,,20.7895450592041,XGB
2024-08-31 06:00:00,20.294172286987305,,18.178258895874023,,,20.294172286987305,XGB
2024-08-31 07:00:00,20.19183158874512,,17.52872085571289,,,20.19183158874512,XGB
2024-08-31 08:00:00,20.54506492614746,,17.284337997436523,,,20.54506492614746,XGB
2024-08-31 09:00:00,21.995532989501957,,17.994640350341797,,,21.995532989501957,XGB
2024-08-31 10:00:00,23.822444915771484,,19.673423767089844,,,23.822444915771484,XGB
2024-08-31 11:00:00,24.82236671447754,,21.641284942626957,,,24.82236671447754,XGB
2024-08-31 12:00:00,26.10558319091797,,22.947778701782227,,,26.10558319091797,XGB
2024-08-31 13:00:00,27.265464782714844,,23.988428115844727,,,27.265464782714844,XGB
2024-08-31 14:00:00,28.416677474975582,,24.90235137939453,,,28.416677474975582,XGB
2024-08-31 15:00:00,29.476716995239254,,25.53889274597168,,,29.476716995239254,XGB
2024-08-31 16:00:00,30.21346473693848,,25.912517547607425,,,30.21346473693848,XGB
2024-08-31 17:00:00,30.70926284790039,,26.020278930664062,,,30.70926284790039,XGB
2024-08-31 18:00:00,30.9022274017334,,25.76749420166016,,,30.9022274017334,XGB
2024-08-31 19:00:00,30.937166213989254,,25.10197257995605,,,30.937166213989254,XGB
2024-08-31 20:00:00,30.582599639892575,,24.048974990844727,,,30.582599639892575,XGB
2024-08-31 21:00:00,29.716629028320312,,22.73171806335449,,,29.716629028320312,XGB
